{"cameraMode":{"drawMode":0,"name":"Shaded","section":"Shading Mode"},"sceneLighting":false,"audioPlay":false,"sceneViewState":{"showFog":true,"showMaterialUpdate":false,"showSkybox":false,"showFlares":true,"showImageEffects":true,"showParticleSystems":true},"in2DMode":false,"pivot":{"x":-0.876767635345459,"y":0.2987092137336731,"z":0.43796420097351076},"rotation":{"x":0.08909542113542557,"y":-0.5423376560211182,"z":0.05797833204269409,"w":0.8334115147590637},"size":1.1660287380218506,"orthographic":false}